<?xml version="1.0" encoding="UTF-8"?>
<instances>

    <!-- ******************** SP-Specific ******************** -->

   	<instance name="SP-Specific">
   		<configuration name="SamlEngineConf">
   			<parameter name="fileConfiguration" value="SamlEngine_SP-Specific.xml" />
   		</configuration>

   		<configuration name="SignatureConf">
   			<parameter name="class"
   				value="eu.eidas.auth.engine.core.impl.SignSW" />
   			<parameter name="fileConfiguration" value="SignModule_SP-Specific.xml" />
   		</configuration>

           <configuration name="EncryptionConf">
               <!-- Specific signature module -->
               <parameter name="class"
                          value="eu.eidas.auth.engine.core.impl.EncryptionSW" />
               <!-- Settings specific module
                    responseTo/FromPointAlias & requestTo/FromPointAlias parameters will be added -->
               <parameter name="fileConfiguration" value="EncryptModule_SP-Specific.xml" />
           </configuration>

           <!-- Settings for the ExtensionProcessor module -->
           <configuration name="ProtocolProcessorConf">
               <!-- Specific ExtensionProcessor module -->
               <parameter name="class"
                          value="eu.eidas.auth.engine.core.eidas.EidasProtocolProcessor" />
               <!--
               <parameter name="coreAttributeRegistryFile"
                          value="saml-engine-eidas-attributes-TEMPLATE.xml" />
                          -->
               <parameter name="additionalAttributeRegistryFile"
                          value="saml-engine-additional-attributes.xml" />

               <parameter name="metadataFetcherClass"
                          value="eu.eidas.node.auth.metadata.SpringManagedMetadataFetcher"/>

           </configuration>

           <!-- Settings for the Clock module -->
           <configuration name="ClockConf">
               <!-- Specific Clock module -->
               <parameter name="class"
                          value="eu.eidas.auth.engine.SamlEngineSystemClock" />
           </configuration>
   	</instance>

	<!-- ******************** Specific-IdP ******************** -->
	<!-- Configuration name -->
	<instance name="Specific-IdP">
		<!-- Configurations parameters ProtocolEngine -->
		<configuration name="SamlEngineConf">
			<parameter name="fileConfiguration" value="SamlEngine_Specific-IdP.xml" />
		</configuration>

		<!-- Settings module signature -->
		<configuration name="SignatureConf">
			<!-- Specific signature module -->
			<parameter name="class"
				value="eu.eidas.auth.engine.core.impl.SignSW" />
			<!-- Settings specific module -->
			<parameter name="fileConfiguration" value="SignModule_Specific-IdP.xml" />
		</configuration>

        <configuration name="EncryptionConf">
            <!-- Specific signature module -->
            <parameter name="class"
                       value="eu.eidas.auth.engine.core.impl.EncryptionSW" />
            <!-- Settings specific module
                 responseTo/FromPointAlias & requestTo/FromPointAlias parameters will be added -->
            <parameter name="fileConfiguration" value="EncryptModule_Specific-IdP.xml" />
        </configuration>

        <!-- Settings for the ExtensionProcessor module -->
        <configuration name="ProtocolProcessorConf">
            <!-- Specific ExtensionProcessor module -->
            <parameter name="class"
                       value="eu.eidas.auth.engine.core.eidas.EidasProtocolProcessor" />
            <!--
            <parameter name="coreAttributeRegistryFile"
                       value="saml-engine-eidas-attributes-TEMPLATE.xml" />
                       -->
            <parameter name="additionalAttributeRegistryFile"
                       value="saml-engine-additional-attributes.xml" />

            <parameter name="metadataFetcherClass"
                       value="eu.eidas.node.auth.metadata.SpringManagedMetadataFetcher"/>
        </configuration>

        <!-- Settings for the Clock module -->
        <configuration name="ClockConf">
            <!-- Specific Clock module -->
            <parameter name="class"
                       value="eu.eidas.auth.engine.SamlEngineSystemClock" />
        </configuration>
	</instance>

</instances>