<?xml version="1.0" encoding="UTF-8"?>
<!DOCTYPE properties SYSTEM "http://java.sun.com/dtd/properties.dtd">

<properties>
    <comment>SWModule encrypt with JKS.</comment>
    <entry key="check_certificate_validity_period">false</entry>
    <entry key="disallow_self_signed_certificate">false</entry>
  <entry key="response.encryption.mandatory">true</entry>
    <!-- Data Encryption algorithm -->
    <entry key="data.encryption.algorithm">http://www.w3.org/2009/xmlenc11#aes256-gcm</entry>
    <!-- Decryption algorithm Whitelist-->
    <entry key="encryption.algorithm.whitelist">
        http://www.w3.org/2009/xmlenc11#aes128-gcm;
        http://www.w3.org/2009/xmlenc11#aes256-gcm;
        http://www.w3.org/2009/xmlenc11#aes192-gcm
    </entry>
    <!-- Key Encryption algorithm -->
    <entry key="key.encryption.algorithm">http://www.w3.org/2001/04/xmlenc#rsa-oaep-mgf1p</entry>

    <entry key="keyStorePath">../../keystore/eidasKeyStore_Service_CB.jks</entry>
    <entry key="keyStorePassword">local-demo</entry>
    <entry key="keyPassword">local-demo</entry>

   <!-- Management of the encryption activation -->
    <entry key="encryptionActivation">../encryptionConf.xml</entry>

    <!--  If not present then no encryption will be applied on response -->
    <entry key="responseToPointIssuer.CA">CN=cpeps-ca-demo-certificate, OU=STORK, O=CPEPS, L=EU, ST=EU, C=CA</entry>
    <entry key="responseToPointSerialNumber.CA">54C8F87D</entry>

    <entry key="responseToPointIssuer.CB">CN=cpeps-cb-demo-certificate, OU=STORK, O=CPEPS, L=EU, ST=EU, C=CB</entry>
    <entry key="responseToPointSerialNumber.CB">54C8F839</entry>

    <entry key="responseToPointIssuer.CC">CN=cpeps-cc-demo-certificate, OU=STORK, O=CPEPS, L=EU, ST=Eu, C=CC</entry>
    <entry key="responseToPointSerialNumber.CC">54C8F8C4</entry>

    <entry key="responseToPointIssuer.CD">CN=cpeps-cd-demo-certificate, OU=STORK, O=CPEPS, L=EU, ST=EU, C=CD</entry>
    <entry key="responseToPointSerialNumber.CD">54C8F91A</entry>

    <entry key="responseToPointIssuer.CF">CN=cpeps-cf-demo-certificate, OU=STORK, O=CPEPS, L=EU, ST=ST, C=CF</entry>
    <entry key="responseToPointSerialNumber.CF">54D787B6</entry>

    <!--  If not present then no decryption will be applied on response -->
    <entry key="responseDecryptionIssuer">CN=cpeps-cb-demo-certificate, OU=STORK, O=CPEPS, L=EU, ST=EU, C=CB</entry>
    <entry key="serialNumber">54C8F839</entry>

    <entry key="keyStoreType">JKS</entry>
</properties>