<?xml version="1.0" encoding="UTF-8"?>
<!DOCTYPE properties SYSTEM "http://java.sun.com/dtd/properties.dtd">

<properties>
	<comment>SWModule sign with JKS.</comment>
	<!-- Certificates -->
	<entry key="check_certificate_validity_period">false</entry>
	<entry key="disallow_self_signed_certificate">false</entry>

	<!-- signing Algorithm SHA_512(default),SHA_384,SHA_256 -->
	<!-- http://www.w3.org/2001/04/xmldsig-more#rsa-sha256 -->
	<!-- http://www.w3.org/2001/04/xmldsig-more#rsa-sha384 -->
	<!-- http://www.w3.org/2001/04/xmldsig-more#rsa-sha512 -->

	<entry key="signature.algorithm">http://www.w3.org/2001/04/xmldsig-more#rsa-sha512</entry>

	<!-- List of incoming Signature algorithms white list separated by ; (default all)
         http://www.w3.org/2001/04/xmldsig-more#rsa-sha256;
         http://www.w3.org/2001/04/xmldsig-more#rsa-sha384;
         http://www.w3.org/2001/04/xmldsig-more#rsa-sha512;
         http://www.w3.org/2001/04/xmldsig-more#rsa-ripemd160;
         http://www.w3.org/2001/04/xmldsig-more#ecdsa-sha256;
         http://www.w3.org/2001/04/xmldsig-more#ecdsa-sha384;
         http://www.w3.org/2001/04/xmldsig-more#ecdsa-sha512 -->

	<entry key="signature.algorithm.whitelist">
       		 http://www.w3.org/2001/04/xmldsig-more#rsa-sha256;
             http://www.w3.org/2001/04/xmldsig-more#rsa-sha384;
             http://www.w3.org/2001/04/xmldsig-more#rsa-sha512;
             http://www.w3.org/2001/04/xmldsig-more#rsa-ripemd160;
             http://www.w3.org/2001/04/xmldsig-more#ecdsa-sha256;
             http://www.w3.org/2001/04/xmldsig-more#ecdsa-sha384;
            http://www.w3.org/2001/04/xmldsig-more#ecdsa-sha512;
	    http://www.w3.org/2007/05/xmldsig-more#sha256-rsa-MGF1
	</entry>
	<entry key="response.sign.assertions">true</entry>
	<entry key="keyStorePath">../keystore/eidasKeyStore_Connector_CA.jks</entry>
	<entry key="keyStorePassword">local-demo</entry>
	<entry key="keyPassword">local-demo</entry>
	<entry key="issuer">CN=speps-ca-demo-certificate, OU=STORK, O=SPEPS, L=EU, ST=EU, C=CA</entry>
	<entry key="serialNumber">54C8FC88</entry>
	<entry key="keyStoreType">JKS</entry>

	<entry key="metadata.keyStorePath">../keystore/eidasKeyStore_METADATA.jks</entry>
	<entry key="metadata.keyStorePassword">local-demo</entry>
	<entry key="metadata.keyPassword">local-demo</entry>
	<entry key="metadata.issuer">CN=metadata, OU=DIGIT, O=EC, L=Brussels, ST=EU, C=BE</entry>
	<entry key="metadata.serialNumber">561BC0C8</entry>
	<entry key="metadata.keyStoreType">JKS</entry>
</properties>